file,class,method,constructor,line,cbo,cboModified,fanin,fanout,wmc,rfc,loc,returnsQty,variablesQty,parametersQty,methodsInvokedQty,methodsInvokedLocalQty,methodsInvokedIndirectLocalQty,loopQty,comparisonsQty,tryCatchQty,parenthesizedExpsQty,stringLiteralsQty,numbersQty,assignmentsQty,mathOperationsQty,maxNestedBlocksQty,anonymousClassesQty,innerClassesQty,lambdasQty,uniqueWordsQty,modifiers,logStatementsQty,hasJavaDoc
C:\Users\rochi\Downloads\sneel\react-native-share\example\android\app\src\main\java\com\example\MainApplication.java,com.example.MainApplication$Anonymous1,getPackages/0,false,23,2,0,0,0,1,1,4,1,1,0,1,0,0,0,0,0,0,1,0,1,0,0,0,0,0,5,4,0,false
C:\Users\rochi\Downloads\sneel\react-native-share\example\android\app\src\main\java\com\example\MainApplication.java,com.example.MainApplication$Anonymous1,isHermesEnabled/0,false,42,0,0,0,0,1,0,3,1,0,0,0,0,0,0,0,0,0,0,0,0,0,0,0,0,0,4,4,0,false
C:\Users\rochi\Downloads\sneel\react-native-share\example\android\app\src\main\java\com\example\MainApplication.java,com.example.MainApplication$Anonymous1,getJSMainModuleName/0,false,32,0,0,0,0,1,0,3,1,0,0,0,0,0,0,0,0,0,1,0,0,0,0,0,0,0,6,4,0,false
C:\Users\rochi\Downloads\sneel\react-native-share\example\android\app\src\main\java\com\example\MainApplication.java,com.example.MainApplication$Anonymous1,getUseDeveloperSupport/0,false,18,0,0,0,0,1,0,3,1,0,0,0,0,0,0,0,0,0,0,0,0,0,0,0,0,0,4,1,0,false
C:\Users\rochi\Downloads\sneel\react-native-share\example\android\app\src\main\java\com\example\MainApplication.java,com.example.MainApplication$Anonymous1,isNewArchEnabled/0,false,37,0,0,0,0,1,0,3,1,0,0,0,0,0,0,0,0,0,0,0,0,0,0,0,0,0,4,4,0,false
C:\Users\rochi\Downloads\sneel\react-native-share\example\android\app\src\main\java\com\example\MainApplication.java,com.example.MainApplication,getReactNativeHost/0,false,48,1,1,1,0,1,0,3,1,0,0,0,0,0,0,0,0,0,0,0,0,0,0,0,0,0,5,1,0,false
C:\Users\rochi\Downloads\sneel\react-native-share\example\android\app\src\main\java\com\example\MainApplication.java,com.example.MainApplication,onCreate/0,false,53,2,2,0,2,2,6,8,0,0,0,6,1,1,0,0,0,0,0,0,0,0,1,0,0,0,2,1,0,false
C:\Users\rochi\Downloads\sneel\react-native-share\android\src\main\java\cl\json\social\ShareIntent.java,cl.json.social.ShareIntent,getFileShare/1[cl.json.social.ReadableMap],false,194,3,4,1,3,4,3,16,2,2,1,3,1,1,0,0,0,0,8,0,4,0,1,0,0,0,13,4,0,false
C:\Users\rochi\Downloads\sneel\react-native-share\android\src\main\java\cl\json\social\ShareIntent.java,cl.json.social.ShareIntent,ShareIntent/1[cl.json.social.ReactApplicationContext],true,47,3,2,0,2,1,3,5,0,0,1,3,2,1,0,0,0,0,1,0,1,0,0,0,0,0,6,1,0,false
C:\Users\rochi\Downloads\sneel\react-native-share\android\src\main\java\cl\json\social\ShareIntent.java,cl.json.social.ShareIntent,getPlayStoreLink/0,false,333,0,1,1,0,1,0,1,0,0,0,0,0,0,0,0,0,0,0,0,0,0,0,0,0,0,4,1028,0,false
C:\Users\rochi\Downloads\sneel\react-native-share\android\src\main\java\cl\json\social\ShareIntent.java,cl.json.social.ShareIntent,"excludeChooserIntent/2[cl.json.social.Intent,cl.json.social.ReadableMap]",false,53,4,2,1,1,7,25,36,2,7,2,25,0,0,2,1,0,0,9,2,7,1,3,1,0,0,20,1,0,false
C:\Users\rochi\Downloads\sneel\react-native-share\android\src\main\java\cl\json\social\ShareIntent.java,cl.json.social.ShareIntent,openIntentChooser/0,false,259,7,12,1,11,8,21,41,1,6,0,21,5,2,0,2,0,0,8,0,8,0,2,0,0,0,19,4,0,false
C:\Users\rochi\Downloads\sneel\react-native-share\android\src\main\java\cl\json\social\ShareIntent.java,cl.json.social.ShareIntent,getPackage/0,false,325,0,1,1,0,1,0,1,0,0,0,0,0,0,0,0,0,0,0,0,0,0,0,0,0,0,2,1028,0,false
C:\Users\rochi\Downloads\sneel\react-native-share\android\src\main\java\cl\json\social\ShareIntent.java,cl.json.social.ShareIntent,urlEncode/1[java.lang.String],false,231,0,1,1,0,2,1,8,1,0,1,1,0,0,0,0,1,0,2,0,0,1,1,0,0,0,9,12,0,false
C:\Users\rochi\Downloads\sneel\react-native-share\android\src\main\java\cl\json\social\ShareIntent.java,cl.json.social.ShareIntent,"isPackageInstalled/2[java.lang.String,cl.json.social.Context]",false,303,2,2,2,0,2,2,10,2,1,2,2,0,0,0,0,1,0,0,0,1,0,1,0,0,0,9,9,0,false
C:\Users\rochi\Downloads\sneel\react-native-share\android\src\main\java\cl\json\social\ShareIntent.java,cl.json.social.ShareIntent,getFileShares/1[cl.json.social.ReadableMap],false,211,4,4,1,3,5,6,19,2,4,1,6,1,1,1,0,0,0,8,1,5,0,2,0,0,0,18,4,0,false
C:\Users\rochi\Downloads\sneel\react-native-share\android\src\main\java\cl\json\social\ShareIntent.java,cl.json.social.ShareIntent,open/1[cl.json.social.ReadableMap],false,100,5,11,1,10,23,22,87,0,10,1,22,4,3,0,0,0,0,35,2,15,4,3,0,0,0,25,1,0,false
C:\Users\rochi\Downloads\sneel\react-native-share\android\src\main\java\cl\json\social\ShareIntent.java,cl.json.social.ShareIntent,setIntent/1[cl.json.social.Intent],false,317,1,4,4,0,1,0,3,0,0,1,0,0,0,0,0,0,0,0,0,1,0,0,0,0,0,3,4,0,false
C:\Users\rochi\Downloads\sneel\react-native-share\android\src\main\java\cl\json\social\ShareIntent.java,cl.json.social.ShareIntent,"getIntentsToViewFile/2[cl.json.social.Intent,cl.json.social.Uri]",false,239,5,1,1,0,2,9,16,1,7,2,9,0,0,1,0,0,0,0,2,8,0,1,0,0,0,20,4,0,false
C:\Users\rochi\Downloads\sneel\react-native-share\android\src\main\java\cl\json\social\ShareIntent.java,cl.json.social.ShareIntent,getExcludedComponentArray/1[cl.json.social.ReadableArray],false,335,5,2,1,1,5,11,18,2,5,1,11,1,1,2,1,0,0,0,2,5,0,3,0,0,0,19,2,0,false
C:\Users\rochi\Downloads\sneel\react-native-share\android\src\main\java\cl\json\social\ShareIntent.java,cl.json.social.ShareIntent,getIntent/0,false,313,1,11,11,0,1,0,3,1,0,0,0,0,0,0,0,0,0,0,0,0,0,0,0,0,0,2,4,0,false
C:\Users\rochi\Downloads\sneel\react-native-share\android\src\main\java\cl\json\social\ShareIntent.java,cl.json.social.ShareIntent,"hasValidKey/2[java.lang.String,cl.json.social.ReadableMap]",false,321,1,10,10,0,2,2,3,1,0,2,2,0,0,0,1,0,0,0,0,0,0,0,0,0,0,6,9,0,false
C:\Users\rochi\Downloads\sneel\react-native-share\android\src\main\java\cl\json\social\ShareIntent.java,cl.json.social.ShareIntent,getDefaultWebLink/0,false,331,0,1,1,0,1,0,1,0,0,0,0,0,0,0,0,0,0,0,0,0,0,0,0,0,0,4,1028,0,false
C:\Users\rochi\Downloads\sneel\react-native-share\android\src\main\java\cl\json\social\ShareIntent.java,cl.json.social.ShareIntent,getComponentClass/0,false,327,0,1,1,0,1,0,3,1,0,0,0,0,0,0,0,0,0,0,0,0,0,0,0,0,0,4,4,0,false
C:\Users\rochi\Downloads\sneel\react-native-share\android\src\main\java\cl\json\social\FacebookPagesManagerShare.java,cl.json.social.FacebookPagesManagerShare,FacebookPagesManagerShare/1[cl.json.social.ReactApplicationContext],true,16,1,1,1,0,1,0,3,0,0,1,0,0,0,0,0,0,0,0,0,0,0,0,0,0,0,8,1,0,false
C:\Users\rochi\Downloads\sneel\react-native-share\android\src\main\java\cl\json\social\FacebookPagesManagerShare.java,cl.json.social.FacebookPagesManagerShare,getPackage/0,false,26,0,0,0,0,1,0,3,1,0,0,0,0,0,0,0,0,0,0,0,0,0,0,0,0,0,8,4,0,false
C:\Users\rochi\Downloads\sneel\react-native-share\android\src\main\java\cl\json\social\FacebookPagesManagerShare.java,cl.json.social.FacebookPagesManagerShare,getDefaultWebLink/0,false,31,0,0,0,0,1,0,3,1,0,0,0,0,0,0,0,0,0,0,0,0,0,0,0,0,0,17,4,0,false
C:\Users\rochi\Downloads\sneel\react-native-share\android\src\main\java\cl\json\social\FacebookPagesManagerShare.java,cl.json.social.FacebookPagesManagerShare,getPlayStoreLink/0,false,36,0,0,0,0,1,0,3,1,0,0,0,0,0,0,0,0,0,0,0,0,0,0,0,0,0,5,4,0,false
C:\Users\rochi\Downloads\sneel\react-native-share\android\src\main\java\cl\json\social\FacebookPagesManagerShare.java,cl.json.social.FacebookPagesManagerShare,open/1[cl.json.social.ReadableMap],false,20,2,1,0,1,1,2,4,0,0,1,2,0,0,0,0,0,0,0,0,0,0,0,0,0,0,8,1,0,false
C:\Users\rochi\Downloads\sneel\react-native-share\android\src\main\java\cl\json\social\FacebookStoriesShare.java,cl.json.social.FacebookStoriesShare,open/1[cl.json.social.ReadableMap],false,29,3,2,0,2,1,3,5,0,0,1,3,1,1,0,0,0,0,0,0,0,0,0,0,0,0,7,1,0,false
C:\Users\rochi\Downloads\sneel\react-native-share\android\src\main\java\cl\json\social\FacebookStoriesShare.java,cl.json.social.FacebookStoriesShare,getDefaultWebLink/0,false,42,0,0,0,0,1,0,3,1,0,0,0,0,0,0,0,0,0,0,0,0,0,0,0,0,0,5,4,0,false
C:\Users\rochi\Downloads\sneel\react-native-share\android\src\main\java\cl\json\social\FacebookStoriesShare.java,cl.json.social.FacebookStoriesShare,getPlayStoreLink/0,false,47,0,0,0,0,1,0,3,1,0,0,0,0,0,0,0,0,0,0,0,0,0,0,0,0,0,17,4,0,false
C:\Users\rochi\Downloads\sneel\react-native-share\android\src\main\java\cl\json\social\FacebookStoriesShare.java,cl.json.social.FacebookStoriesShare,FacebookStoriesShare/1[cl.json.social.ReactApplicationContext],true,23,3,2,1,1,1,1,4,0,0,1,1,0,0,0,0,0,0,1,0,0,0,0,0,0,0,8,1,0,false
C:\Users\rochi\Downloads\sneel\react-native-share\android\src\main\java\cl\json\social\FacebookStoriesShare.java,cl.json.social.FacebookStoriesShare,getPackage/0,false,37,0,0,0,0,1,0,3,1,0,0,0,0,0,0,0,0,0,0,0,0,0,0,0,0,0,8,4,0,false
C:\Users\rochi\Downloads\sneel\react-native-share\android\src\main\java\cl\json\social\FacebookStoriesShare.java,cl.json.social.FacebookStoriesShare,shareStory/1[cl.json.social.ReadableMap],false,51,5,6,1,5,15,12,50,1,6,1,12,0,0,0,1,0,0,40,0,9,0,2,0,0,0,29,2,0,false
C:\Users\rochi\Downloads\sneel\react-native-share\android\src\main\java\cl\json\social\WhatsAppBusinessShare.java,cl.json.social.WhatsAppBusinessShare,getDefaultWebLink/0,false,55,0,0,0,0,1,0,3,1,0,0,0,0,0,0,0,0,0,0,0,0,0,0,0,0,0,5,4,0,false
C:\Users\rochi\Downloads\sneel\react-native-share\android\src\main\java\cl\json\social\WhatsAppBusinessShare.java,cl.json.social.WhatsAppBusinessShare,getPlayStoreLink/0,false,60,0,0,0,0,1,0,3,1,0,0,0,0,0,0,0,0,0,0,0,0,0,0,0,0,0,17,4,0,false
C:\Users\rochi\Downloads\sneel\react-native-share\android\src\main\java\cl\json\social\WhatsAppBusinessShare.java,cl.json.social.WhatsAppBusinessShare,open/1[cl.json.social.ReadableMap],false,26,4,2,0,2,3,7,15,0,0,1,7,0,0,0,0,1,0,1,0,0,0,2,0,0,0,25,1,0,false
C:\Users\rochi\Downloads\sneel\react-native-share\android\src\main\java\cl\json\social\WhatsAppBusinessShare.java,cl.json.social.WhatsAppBusinessShare,WhatsAppBusinessShare/1[cl.json.social.ReactApplicationContext],true,22,1,1,1,0,1,0,3,0,0,1,0,0,0,0,0,0,0,0,0,0,0,0,0,0,0,8,1,0,false
C:\Users\rochi\Downloads\sneel\react-native-share\android\src\main\java\cl\json\social\WhatsAppBusinessShare.java,cl.json.social.WhatsAppBusinessShare,getPackage/0,false,50,0,0,0,0,1,0,3,1,0,0,0,0,0,0,0,0,0,0,0,0,0,0,0,0,0,8,4,0,false
C:\Users\rochi\Downloads\sneel\react-native-share\android\src\main\java\cl\json\RNShareImpl.java,cl.json.RNShareImpl$SHARES,"getShareClass/2[java.lang.String,cl.json.ReactApplicationContext]",false,98,22,21,1,20,20,1,45,20,1,2,1,0,0,0,0,0,0,0,0,1,0,1,0,0,0,38,9,0,false
C:\Users\rochi\Downloads\sneel\react-native-share\android\src\main\java\cl\json\social\SMSShare.java,cl.json.social.SMSShare,open/1[cl.json.social.ReadableMap],false,29,2,1,0,1,1,2,4,0,0,1,2,0,0,0,0,0,0,0,0,0,0,0,0,0,0,8,1,0,false
C:\Users\rochi\Downloads\sneel\react-native-share\android\src\main\java\cl\json\social\SMSShare.java,cl.json.social.SMSShare,getPlayStoreLink/0,false,49,0,0,0,0,1,0,3,1,0,0,0,0,0,0,0,0,0,0,0,0,0,0,0,0,0,17,4,0,false
C:\Users\rochi\Downloads\sneel\react-native-share\android\src\main\java\cl\json\social\SMSShare.java,cl.json.social.SMSShare,SMSShare/1[cl.json.social.ReactApplicationContext],true,23,1,1,1,0,1,0,4,0,0,1,0,0,0,0,0,0,0,0,0,1,0,0,0,0,0,7,1,0,false
C:\Users\rochi\Downloads\sneel\react-native-share\android\src\main\java\cl\json\social\SMSShare.java,cl.json.social.SMSShare,getPackage/0,false,36,0,0,0,0,2,1,6,2,0,0,1,0,0,0,0,0,0,0,1,0,0,1,0,0,0,8,4,0,false
C:\Users\rochi\Downloads\sneel\react-native-share\android\src\main\java\cl\json\social\SMSShare.java,cl.json.social.SMSShare,getDefaultWebLink/0,false,44,0,0,0,0,1,0,3,1,0,0,0,0,0,0,0,0,0,0,0,0,0,0,0,0,0,5,4,0,false
C:\Users\rochi\Downloads\sneel\react-native-share\android\src\main\java\cl\json\social\LinkedinShare.java,cl.json.social.LinkedinShare,getPlayStoreLink/0,false,42,0,0,0,0,1,0,3,1,0,0,0,0,0,0,0,0,0,0,0,0,0,0,0,0,0,17,4,0,false
C:\Users\rochi\Downloads\sneel\react-native-share\android\src\main\java\cl\json\social\LinkedinShare.java,cl.json.social.LinkedinShare,LinkedinShare/1[cl.json.social.ReactApplicationContext],true,20,1,1,1,0,1,0,3,0,0,1,0,0,0,0,0,0,0,0,0,0,0,0,0,0,0,6,1,0,false
C:\Users\rochi\Downloads\sneel\react-native-share\android\src\main\java\cl\json\social\LinkedinShare.java,cl.json.social.LinkedinShare,open/1[cl.json.social.ReadableMap],false,25,2,1,0,1,1,2,4,0,0,1,2,0,0,0,0,0,0,0,0,0,0,0,0,0,0,8,1,0,false
C:\Users\rochi\Downloads\sneel\react-native-share\android\src\main\java\cl\json\social\LinkedinShare.java,cl.json.social.LinkedinShare,getDefaultWebLink/0,false,37,0,0,0,0,1,0,3,1,0,0,0,0,0,0,0,0,0,0,0,0,0,0,0,0,0,5,4,0,false
C:\Users\rochi\Downloads\sneel\react-native-share\android\src\main\java\cl\json\social\LinkedinShare.java,cl.json.social.LinkedinShare,getPackage/0,false,32,0,0,0,0,1,0,3,1,0,0,0,0,0,0,0,0,0,0,0,0,0,0,0,0,0,8,4,0,false
C:\Users\rochi\Downloads\sneel\react-native-share\android\src\main\java\cl\json\ShareFile.java,cl.json.ShareFile,getMimeType/1[java.lang.String],false,45,0,1,1,0,2,3,8,1,2,1,3,0,0,0,1,0,0,0,0,3,0,1,0,0,0,13,2,0,true
C:\Users\rochi\Downloads\sneel\react-native-share\android\src\main\java\cl\json\ShareFile.java,cl.json.ShareFile,isBase64File/0,false,61,1,2,2,0,5,7,16,2,3,0,7,0,0,1,2,0,1,1,0,4,0,3,0,0,0,24,2,0,false
C:\Users\rochi\Downloads\sneel\react-native-share\android\src\main\java\cl\json\ShareFile.java,cl.json.ShareFile,"ShareFile/5[java.lang.String,java.lang.String,java.lang.String,java.lang.Boolean,cl.json.ReactApplicationContext]",true,28,1,4,4,0,1,0,4,0,0,5,0,0,0,0,0,0,0,0,0,1,0,0,0,0,0,5,1,0,false
C:\Users\rochi\Downloads\sneel\react-native-share\android\src\main\java\cl\json\ShareFile.java,cl.json.ShareFile,"ShareFile/4[java.lang.String,java.lang.String,java.lang.Boolean,cl.json.ReactApplicationContext]",true,33,1,1,1,0,1,1,7,0,0,4,1,0,0,0,0,0,0,0,0,5,0,0,0,0,0,9,1,0,false
C:\Users\rochi\Downloads\sneel\react-native-share\android\src\main\java\cl\json\ShareFile.java,cl.json.ShareFile,getType/0,false,107,0,5,5,0,2,0,6,2,0,0,0,0,0,0,1,0,0,1,0,0,0,1,0,0,0,3,1,0,false
C:\Users\rochi\Downloads\sneel\react-native-share\android\src\main\java\cl\json\ShareFile.java,cl.json.ShareFile,isFile/0,false,57,1,3,1,2,1,2,3,1,0,0,2,2,2,0,0,0,0,0,0,0,0,0,0,0,0,12,1,0,true
C:\Users\rochi\Downloads\sneel\react-native-share\android\src\main\java\cl\json\ShareFile.java,cl.json.ShareFile,getRealPathFromURI/1[cl.json.Uri],false,113,2,2,1,1,1,1,4,1,1,1,1,0,0,0,0,0,0,0,0,1,0,0,0,0,0,10,2,0,false
C:\Users\rochi\Downloads\sneel\react-native-share\android\src\main\java\cl\json\ShareFile.java,cl.json.ShareFile,getURI/0,false,117,4,9,5,4,9,22,32,4,9,0,22,3,2,0,2,1,0,3,0,9,4,3,0,0,0,41,1,0,false
C:\Users\rochi\Downloads\sneel\react-native-share\android\src\main\java\cl\json\ShareFile.java,cl.json.ShareFile,isLocalFile/0,false,79,1,4,2,2,8,5,23,4,2,0,5,2,1,0,5,0,2,3,0,5,0,3,0,0,0,10,2,0,false
C:\Users\rochi\Downloads\sneel\react-native-share\example\android\app\src\debug\java\com\example\ReactNativeFlipper.java,com.example.ReactNativeFlipper$Anonymous2,onReactContextInitialized/1[com.example.ReactContext],false,59,1,1,0,1,1,2,9,0,0,1,2,0,0,0,0,0,0,0,0,0,0,0,1,0,0,10,1,0,false
C:\Users\rochi\Downloads\sneel\react-native-share\android\src\main\java\cl\json\social\DiscordShare.java,cl.json.social.DiscordShare,getPackage/0,false,30,0,0,0,0,1,0,3,1,0,0,0,0,0,0,0,0,0,0,0,0,0,0,0,0,0,8,4,0,false
C:\Users\rochi\Downloads\sneel\react-native-share\android\src\main\java\cl\json\social\DiscordShare.java,cl.json.social.DiscordShare,getDefaultWebLink/0,false,35,0,0,0,0,1,0,3,1,0,0,0,0,0,0,0,0,0,0,0,0,0,0,0,0,0,5,4,0,false
C:\Users\rochi\Downloads\sneel\react-native-share\android\src\main\java\cl\json\social\DiscordShare.java,cl.json.social.DiscordShare,open/1[cl.json.social.ReadableMap],false,23,2,1,0,1,1,2,4,0,0,1,2,0,0,0,0,0,0,0,0,0,0,0,0,0,0,8,1,0,false
C:\Users\rochi\Downloads\sneel\react-native-share\android\src\main\java\cl\json\social\DiscordShare.java,cl.json.social.DiscordShare,DiscordShare/1[cl.json.social.ReactApplicationContext],true,18,1,1,1,0,1,0,3,0,0,1,0,0,0,0,0,0,0,0,0,0,0,0,0,0,0,6,1,0,false
C:\Users\rochi\Downloads\sneel\react-native-share\android\src\main\java\cl\json\social\DiscordShare.java,cl.json.social.DiscordShare,getPlayStoreLink/0,false,40,0,0,0,0,1,0,3,1,0,0,0,0,0,0,0,0,0,0,0,0,0,0,0,0,0,17,4,0,false
C:\Users\rochi\Downloads\sneel\react-native-share\android\src\main\java\cl\json\social\InstagramShare.java,cl.json.social.InstagramShare,open/1[cl.json.social.ReadableMap],false,29,3,5,0,5,5,9,25,4,5,1,9,4,1,0,0,0,0,11,0,5,0,1,0,0,0,19,1,0,false
C:\Users\rochi\Downloads\sneel\react-native-share\android\src\main\java\cl\json\social\InstagramShare.java,cl.json.social.InstagramShare,InstagramShare/1[cl.json.social.ReactApplicationContext],true,24,1,1,1,0,1,0,3,0,0,1,0,0,0,0,0,0,0,0,0,0,0,0,0,0,0,6,1,0,false
C:\Users\rochi\Downloads\sneel\react-native-share\android\src\main\java\cl\json\social\InstagramShare.java,cl.json.social.InstagramShare,openInstagramUrlScheme/1[java.lang.String],false,61,2,2,1,1,1,5,6,0,1,1,5,0,0,0,0,0,0,0,0,1,0,0,0,0,0,7,4,0,false
C:\Users\rochi\Downloads\sneel\react-native-share\android\src\main\java\cl\json\social\InstagramShare.java,cl.json.social.InstagramShare,openInstagramIntentChooserForText/1[java.lang.String],false,73,1,2,1,1,1,5,6,0,0,1,5,0,0,0,0,0,0,1,0,0,0,0,0,0,0,14,4,0,false
C:\Users\rochi\Downloads\sneel\react-native-share\android\src\main\java\cl\json\social\InstagramShare.java,cl.json.social.InstagramShare,getExtension/1[java.lang.String],false,68,0,1,1,0,1,1,4,1,1,1,1,0,0,0,0,0,0,1,1,1,1,0,0,0,0,4,2,0,false
C:\Users\rochi\Downloads\sneel\react-native-share\android\src\main\java\cl\json\social\InstagramShare.java,cl.json.social.InstagramShare,getPackage/0,false,120,0,0,0,0,1,0,3,1,0,0,0,0,0,0,0,0,0,0,0,0,0,0,0,0,0,8,4,0,false
C:\Users\rochi\Downloads\sneel\react-native-share\android\src\main\java\cl\json\social\InstagramShare.java,cl.json.social.InstagramShare,"openInstagramIntentChooserForMedia/4[java.lang.String,java.lang.String,java.lang.Boolean,java.lang.String]",false,80,7,6,1,5,3,18,28,0,8,4,18,0,0,0,0,0,0,11,0,8,2,1,0,0,0,33,4,0,false
C:\Users\rochi\Downloads\sneel\react-native-share\android\src\main\java\cl\json\social\InstagramShare.java,cl.json.social.InstagramShare,getPlayStoreLink/0,false,130,0,0,0,0,1,0,3,1,0,0,0,0,0,0,0,0,0,0,0,0,0,0,0,0,0,17,4,0,false
C:\Users\rochi\Downloads\sneel\react-native-share\android\src\main\java\cl\json\social\InstagramShare.java,cl.json.social.InstagramShare,getDefaultWebLink/0,false,125,0,0,0,0,1,0,3,1,0,0,0,0,0,0,0,0,0,0,0,0,0,0,0,0,0,5,4,0,false
C:\Users\rochi\Downloads\sneel\react-native-share\example\android\app\src\debug\java\com\example\ReactNativeFlipper.java,com.example.ReactNativeFlipper$Anonymous1,apply/1[OkHttpClient.Builder],false,45,2,0,0,0,1,1,3,0,0,1,1,0,0,0,0,0,0,0,0,0,0,0,0,0,0,7,1,0,false
C:\Users\rochi\Downloads\sneel\react-native-share\android\src\main\java\cl\json\social\TelegramShare.java,cl.json.social.TelegramShare,getPackage/0,false,27,0,0,0,0,1,0,3,1,0,0,0,0,0,0,0,0,0,0,0,0,0,0,0,0,0,8,4,0,false
C:\Users\rochi\Downloads\sneel\react-native-share\android\src\main\java\cl\json\social\TelegramShare.java,cl.json.social.TelegramShare,TelegramShare/1[cl.json.social.ReactApplicationContext],true,16,1,1,1,0,1,0,3,0,0,1,0,0,0,0,0,0,0,0,0,0,0,0,0,0,0,6,1,0,false
C:\Users\rochi\Downloads\sneel\react-native-share\android\src\main\java\cl\json\social\TelegramShare.java,cl.json.social.TelegramShare,open/1[cl.json.social.ReadableMap],false,21,2,1,0,1,1,2,4,0,0,1,2,0,0,0,0,0,0,0,0,0,0,0,0,0,0,8,1,0,false
C:\Users\rochi\Downloads\sneel\react-native-share\android\src\main\java\cl\json\social\TelegramShare.java,cl.json.social.TelegramShare,getDefaultWebLink/0,false,32,0,0,0,0,1,0,3,1,0,0,0,0,0,0,0,0,0,0,0,0,0,0,0,0,0,5,4,0,false
C:\Users\rochi\Downloads\sneel\react-native-share\android\src\main\java\cl\json\social\TelegramShare.java,cl.json.social.TelegramShare,getPlayStoreLink/0,false,37,0,0,0,0,1,0,3,1,0,0,0,0,0,0,0,0,0,0,0,0,0,0,0,0,0,17,4,0,false
C:\Users\rochi\Downloads\sneel\react-native-share\android\src\main\java\cl\json\social\WhatsAppShare.java,cl.json.social.WhatsAppShare,getDefaultWebLink/0,false,55,0,0,0,0,1,0,3,1,0,0,0,0,0,0,0,0,0,0,0,0,0,0,0,0,0,5,4,0,false
C:\Users\rochi\Downloads\sneel\react-native-share\android\src\main\java\cl\json\social\WhatsAppShare.java,cl.json.social.WhatsAppShare,getPlayStoreLink/0,false,60,0,0,0,0,1,0,3,1,0,0,0,0,0,0,0,0,0,0,0,0,0,0,0,0,0,17,4,0,false
C:\Users\rochi\Downloads\sneel\react-native-share\android\src\main\java\cl\json\social\WhatsAppShare.java,cl.json.social.WhatsAppShare,open/1[cl.json.social.ReadableMap],false,26,4,2,0,2,3,7,15,0,0,1,7,0,0,0,0,1,0,1,0,0,0,2,0,0,0,25,1,0,false
C:\Users\rochi\Downloads\sneel\react-native-share\android\src\main\java\cl\json\social\WhatsAppShare.java,cl.json.social.WhatsAppShare,WhatsAppShare/1[cl.json.social.ReactApplicationContext],true,22,1,1,1,0,1,0,3,0,0,1,0,0,0,0,0,0,0,0,0,0,0,0,0,0,0,7,1,0,false
C:\Users\rochi\Downloads\sneel\react-native-share\android\src\main\java\cl\json\social\WhatsAppShare.java,cl.json.social.WhatsAppShare,getPackage/0,false,50,0,0,0,0,1,0,3,1,0,0,0,0,0,0,0,0,0,0,0,0,0,0,0,0,0,8,4,0,false
C:\Users\rochi\Downloads\sneel\react-native-share\example\android\app\src\main\java\com\example\MainActivity.java,com.example.MainActivity,getMainComponentName/0,false,15,0,1,1,0,1,0,3,1,0,0,0,0,0,0,0,0,0,1,0,0,0,0,0,0,0,18,4,0,true
C:\Users\rochi\Downloads\sneel\react-native-share\example\android\app\src\main\java\com\example\MainActivity.java,com.example.MainActivity,createReactActivityDelegate/0,false,25,3,1,0,1,1,2,3,1,0,0,2,1,1,0,0,0,0,0,0,0,0,0,0,0,0,26,4,0,true
C:\Users\rochi\Downloads\sneel\react-native-share\android\src\main\java\cl\json\social\GenericShare.java,cl.json.social.GenericShare,getPackage/0,false,24,0,0,0,0,1,0,3,1,0,0,0,0,0,0,0,0,0,0,0,0,0,0,0,0,0,3,4,0,false
C:\Users\rochi\Downloads\sneel\react-native-share\android\src\main\java\cl\json\social\GenericShare.java,cl.json.social.GenericShare,getPlayStoreLink/0,false,34,0,0,0,0,1,0,3,1,0,0,0,0,0,0,0,0,0,0,0,0,0,0,0,0,0,5,4,0,false
C:\Users\rochi\Downloads\sneel\react-native-share\android\src\main\java\cl\json\social\GenericShare.java,cl.json.social.GenericShare,open/1[cl.json.social.ReadableMap],false,17,2,2,1,1,1,2,4,0,0,1,2,0,0,0,0,0,0,0,0,0,0,0,0,0,0,8,1,0,false
C:\Users\rochi\Downloads\sneel\react-native-share\android\src\main\java\cl\json\social\GenericShare.java,cl.json.social.GenericShare,GenericShare/1[cl.json.social.ReactApplicationContext],true,12,1,2,2,0,1,0,3,0,0,1,0,0,0,0,0,0,0,0,0,0,0,0,0,0,0,6,1,0,false
C:\Users\rochi\Downloads\sneel\react-native-share\android\src\main\java\cl\json\social\GenericShare.java,cl.json.social.GenericShare,getDefaultWebLink/0,false,29,0,0,0,0,1,0,3,1,0,0,0,0,0,0,0,0,0,0,0,0,0,0,0,0,0,5,4,0,false
C:\Users\rochi\Downloads\sneel\react-native-share\android\src\oldarch\cl\json\RNShare.java,RNShare,RNShare/1[ReactApplicationContext],true,17,1,0,0,0,1,0,4,0,0,1,0,0,0,0,0,0,0,0,0,1,0,0,0,0,0,9,1,0,false
C:\Users\rochi\Downloads\sneel\react-native-share\android\src\oldarch\cl\json\RNShare.java,RNShare,"shareSingle/2[ReadableMap,Promise]",false,39,1,0,0,0,1,1,3,0,0,2,1,0,0,0,0,0,0,0,0,0,0,0,0,0,0,5,1,0,false
C:\Users\rochi\Downloads\sneel\react-native-share\android\src\oldarch\cl\json\RNShare.java,RNShare,"open/2[ReadableMap,Promise]",false,34,1,0,0,0,1,1,3,0,0,2,1,0,0,0,0,0,0,0,0,0,0,0,0,0,0,4,1,0,false
C:\Users\rochi\Downloads\sneel\react-native-share\android\src\oldarch\cl\json\RNShare.java,RNShare,"isBase64File/2[String,Promise]",false,49,1,0,0,0,1,1,3,0,0,2,1,0,0,0,0,0,0,0,0,0,0,0,0,0,0,4,1,0,false
C:\Users\rochi\Downloads\sneel\react-native-share\android\src\oldarch\cl\json\RNShare.java,RNShare,getName/0,false,23,2,0,0,0,1,0,3,1,0,0,0,0,0,0,0,0,0,0,0,0,0,0,0,0,0,2,1,0,false
C:\Users\rochi\Downloads\sneel\react-native-share\android\src\oldarch\cl\json\RNShare.java,RNShare,getConstants/0,false,29,3,0,0,0,1,1,3,1,0,0,1,1,0,0,0,0,0,0,0,0,0,0,0,0,0,2,1,0,false
C:\Users\rochi\Downloads\sneel\react-native-share\android\src\oldarch\cl\json\RNShare.java,RNShare,"isPackageInstalled/2[String,Promise]",false,44,1,0,0,0,1,1,3,0,0,2,1,0,0,0,0,0,0,0,0,0,0,0,0,0,0,4,1,0,false
C:\Users\rochi\Downloads\sneel\react-native-share\android\src\main\java\cl\json\social\SingleShareIntent.java,cl.json.social.SingleShareIntent,open/1[cl.json.social.ReadableMap],false,30,4,8,0,8,8,16,31,1,2,1,16,0,0,0,6,0,0,8,0,4,0,3,0,0,0,23,1,0,false
C:\Users\rochi\Downloads\sneel\react-native-share\android\src\main\java\cl\json\social\SingleShareIntent.java,cl.json.social.SingleShareIntent,SingleShareIntent/1[cl.json.social.ReactApplicationContext],true,26,1,0,0,0,1,0,3,0,0,1,0,0,0,0,0,0,0,0,0,0,0,0,0,0,0,7,1,0,false
C:\Users\rochi\Downloads\sneel\react-native-share\android\src\main\java\cl\json\social\SingleShareIntent.java,cl.json.social.SingleShareIntent,openIntentChooser/1[cl.json.social.ReadableMap],false,68,7,9,3,6,7,17,37,1,6,1,17,0,0,0,2,0,0,10,0,6,0,3,0,0,0,21,4,0,false
C:\Users\rochi\Downloads\sneel\react-native-share\android\src\main\java\cl\json\social\SingleShareIntent.java,cl.json.social.SingleShareIntent,openIntentChooser/0,false,64,1,16,15,1,1,1,3,0,0,0,1,1,1,0,0,0,0,0,0,0,0,0,0,0,0,8,4,0,false
C:\Users\rochi\Downloads\sneel\react-native-share\android\src\main\java\cl\json\social\SnapChatShare.java,cl.json.social.SnapChatShare,SnapChatShare/1[cl.json.social.ReactApplicationContext],true,21,1,1,1,0,1,0,3,0,0,1,0,0,0,0,0,0,0,0,0,0,0,0,0,0,0,7,1,0,false
C:\Users\rochi\Downloads\sneel\react-native-share\android\src\main\java\cl\json\social\SnapChatShare.java,cl.json.social.SnapChatShare,getDefaultWebLink/0,false,41,0,0,0,0,1,0,3,1,0,0,0,0,0,0,0,0,0,0,0,0,0,0,0,0,0,5,4,0,false
C:\Users\rochi\Downloads\sneel\react-native-share\android\src\main\java\cl\json\social\SnapChatShare.java,cl.json.social.SnapChatShare,open/1[cl.json.social.ReadableMap],false,26,2,1,0,1,1,2,4,0,0,1,2,0,0,0,0,0,0,0,0,0,0,0,0,0,0,8,1,0,false
C:\Users\rochi\Downloads\sneel\react-native-share\android\src\main\java\cl\json\social\SnapChatShare.java,cl.json.social.SnapChatShare,getPlayStoreLink/0,false,46,0,0,0,0,1,0,3,1,0,0,0,0,0,0,0,0,0,0,0,0,0,0,0,0,0,17,4,0,false
C:\Users\rochi\Downloads\sneel\react-native-share\android\src\main\java\cl\json\social\SnapChatShare.java,cl.json.social.SnapChatShare,getComponentClass/0,false,38,0,0,0,0,1,0,3,1,0,0,0,0,0,0,0,0,0,0,0,0,0,0,0,0,0,7,4,0,false
C:\Users\rochi\Downloads\sneel\react-native-share\android\src\main\java\cl\json\social\SnapChatShare.java,cl.json.social.SnapChatShare,getPackage/0,false,33,0,0,0,0,1,0,3,1,0,0,0,0,0,0,0,0,0,0,0,0,0,0,0,0,0,8,4,0,false
C:\Users\rochi\Downloads\sneel\react-native-share\android\src\main\java\cl\json\social\InstagramStoriesShare.java,cl.json.social.InstagramStoriesShare,open/1[cl.json.social.ReadableMap],false,29,3,2,0,2,1,3,5,0,0,1,3,1,1,0,0,0,0,0,0,0,0,0,0,0,0,8,1,0,false
C:\Users\rochi\Downloads\sneel\react-native-share\android\src\main\java\cl\json\social\InstagramStoriesShare.java,cl.json.social.InstagramStoriesShare,getDefaultWebLink/0,false,42,0,0,0,0,1,0,3,1,0,0,0,0,0,0,0,0,0,0,0,0,0,0,0,0,0,5,4,0,false
C:\Users\rochi\Downloads\sneel\react-native-share\android\src\main\java\cl\json\social\InstagramStoriesShare.java,cl.json.social.InstagramStoriesShare,getPlayStoreLink/0,false,47,0,0,0,0,1,0,3,1,0,0,0,0,0,0,0,0,0,0,0,0,0,0,0,0,0,17,4,0,false
C:\Users\rochi\Downloads\sneel\react-native-share\android\src\main\java\cl\json\social\InstagramStoriesShare.java,cl.json.social.InstagramStoriesShare,InstagramStoriesShare/1[cl.json.social.ReactApplicationContext],true,23,3,2,1,1,1,1,4,0,0,1,1,0,0,0,0,0,0,1,0,0,0,0,0,0,0,8,1,0,false
C:\Users\rochi\Downloads\sneel\react-native-share\android\src\main\java\cl\json\social\InstagramStoriesShare.java,cl.json.social.InstagramStoriesShare,getPackage/0,false,37,0,0,0,0,1,0,3,1,0,0,0,0,0,0,0,0,0,0,0,0,0,0,0,0,0,8,4,0,false
C:\Users\rochi\Downloads\sneel\react-native-share\android\src\main\java\cl\json\social\InstagramStoriesShare.java,cl.json.social.InstagramStoriesShare,shareStory/1[cl.json.social.ReadableMap],false,51,5,6,1,5,14,12,49,1,7,1,12,0,0,0,1,0,0,38,0,11,0,2,0,0,0,28,2,0,false
C:\Users\rochi\Downloads\sneel\react-native-share\example\android\app\src\debug\java\com\example\ReactNativeFlipper.java,com.example.ReactNativeFlipper,"initializeFlipper/2[com.example.Context,com.example.ReactInstanceManager]",false,32,11,1,1,0,3,8,36,0,3,2,8,0,0,0,1,0,0,0,0,3,0,2,2,0,0,29,9,0,false
C:\Users\rochi\Downloads\sneel\react-native-share\android\src\main\java\cl\json\ShareFiles.java,cl.json.ShareFiles,isBase64File/1[cl.json.Uri],false,74,1,2,2,0,7,8,17,2,2,1,8,0,0,0,2,0,3,7,4,5,0,2,0,0,0,10,2,0,false
C:\Users\rochi\Downloads\sneel\react-native-share\android\src\main\java\cl\json\ShareFiles.java,cl.json.ShareFiles,isFile/0,false,63,1,3,1,2,3,2,10,1,1,0,2,2,2,1,0,0,0,0,0,2,0,2,0,0,0,15,1,0,true
C:\Users\rochi\Downloads\sneel\react-native-share\android\src\main\java\cl\json\ShareFiles.java,cl.json.ShareFiles,getRealPathFromURI/1[cl.json.Uri],false,128,2,2,1,1,1,1,4,1,1,1,1,0,0,0,0,0,0,0,0,1,0,0,0,0,0,10,2,0,false
C:\Users\rochi\Downloads\sneel\react-native-share\android\src\main\java\cl\json\ShareFiles.java,cl.json.ShareFiles,"ShareFiles/4[cl.json.ReadableArray,java.util.ArrayList<java.lang.String>,java.lang.Boolean,cl.json.ReactApplicationContext]",true,33,3,1,1,0,3,4,13,0,3,4,4,0,0,1,1,0,0,0,1,7,0,2,0,0,0,15,1,0,false
C:\Users\rochi\Downloads\sneel\react-native-share\android\src\main\java\cl\json\ShareFiles.java,cl.json.ShareFiles,getMimeType/1[java.lang.String],false,51,0,1,1,0,2,3,8,1,2,1,3,0,0,0,1,0,0,0,0,3,0,1,0,0,0,13,2,0,true
C:\Users\rochi\Downloads\sneel\react-native-share\android\src\main\java\cl\json\ShareFiles.java,cl.json.ShareFiles,isLocalFile/1[cl.json.Uri],false,89,2,4,2,2,10,9,24,2,3,1,9,2,1,0,4,0,3,8,3,8,0,2,0,0,0,12,2,0,false
C:\Users\rochi\Downloads\sneel\react-native-share\android\src\main\java\cl\json\ShareFiles.java,cl.json.ShareFiles,getType/0,false,121,0,1,1,0,2,0,6,2,0,0,0,0,0,0,1,0,0,1,0,0,0,1,0,0,0,3,1,0,false
C:\Users\rochi\Downloads\sneel\react-native-share\android\src\main\java\cl\json\ShareFiles.java,cl.json.ShareFiles,"ShareFiles/5[cl.json.ReadableArray,java.util.ArrayList<java.lang.String>,java.lang.String,java.lang.Boolean,cl.json.ReactApplicationContext]",true,28,2,1,1,0,1,0,4,0,0,5,0,0,0,0,0,0,0,0,0,1,0,0,0,0,0,7,1,0,false
C:\Users\rochi\Downloads\sneel\react-native-share\android\src\main\java\cl\json\ShareFiles.java,cl.json.ShareFiles,getURI/0,false,133,4,4,1,3,11,25,40,1,12,0,25,2,2,1,1,1,1,4,5,12,5,4,0,0,0,32,1,0,false
C:\Users\rochi\Downloads\sneel\react-native-share\android\src\main\java\cl\json\RNSharePackage.java,cl.json.RNSharePackage,getReactModuleInfoProvider/0,false,27,4,0,0,0,1,1,8,2,1,0,1,0,0,0,0,0,0,0,0,1,0,1,0,0,1,7,1,0,false
C:\Users\rochi\Downloads\sneel\react-native-share\android\src\main\java\cl\json\RNSharePackage.java,cl.json.RNSharePackage,"getModule/2[java.lang.String,cl.json.ReactApplicationContext]",false,18,4,1,0,1,2,1,8,2,0,2,1,0,0,0,0,0,0,0,0,0,0,1,0,0,0,9,1,0,false
C:\Users\rochi\Downloads\sneel\react-native-share\android\src\main\java\cl\json\social\TargetChosenReceiver.java,cl.json.social.TargetChosenReceiver,isSupported/0,false,30,0,2,2,0,2,0,3,1,0,0,0,0,0,0,0,0,0,0,0,0,0,0,0,0,0,2,9,0,false
C:\Users\rochi\Downloads\sneel\react-native-share\android\src\main\java\cl\json\social\TargetChosenReceiver.java,cl.json.social.TargetChosenReceiver,getSharingSenderIntent/1[cl.json.social.ReactContext],false,39,8,3,2,1,6,12,24,1,3,1,12,0,0,0,2,0,0,2,3,5,1,2,0,0,0,25,9,0,false
C:\Users\rochi\Downloads\sneel\react-native-share\android\src\main\java\cl\json\social\TargetChosenReceiver.java,cl.json.social.TargetChosenReceiver,callbackResolve/1[java.lang.Object],false,92,0,5,5,0,2,1,6,0,0,1,1,0,0,0,1,0,0,0,0,1,0,1,0,0,0,5,9,0,false
C:\Users\rochi\Downloads\sneel\react-native-share\android\src\main\java\cl\json\social\TargetChosenReceiver.java,cl.json.social.TargetChosenReceiver,callbackReject/1[java.lang.String],false,98,0,6,6,0,2,1,6,0,0,1,1,0,0,0,1,0,0,0,0,1,0,1,0,0,0,4,9,0,false
C:\Users\rochi\Downloads\sneel\react-native-share\android\src\main\java\cl\json\social\TargetChosenReceiver.java,cl.json.social.TargetChosenReceiver,"onReceive/2[cl.json.social.Context,cl.json.social.Intent]",false,69,5,1,0,1,5,11,20,2,2,2,11,1,1,0,3,0,0,4,1,3,0,2,0,0,0,30,1,0,false
C:\Users\rochi\Downloads\sneel\react-native-share\android\src\main\java\cl\json\social\TargetChosenReceiver.java,cl.json.social.TargetChosenReceiver,registerCallbacks/1[cl.json.social.Promise],false,34,1,2,2,0,1,0,3,0,0,1,0,0,0,0,0,0,0,0,0,1,0,0,0,0,0,5,9,0,false
C:\Users\rochi\Downloads\sneel\react-native-share\android\src\main\java\cl\json\RNSharePathUtil.java,cl.json.RNSharePathUtil,"getRealPathFromURI/3[cl.json.Context,cl.json.Uri,java.lang.Boolean]",false,66,3,7,2,5,19,21,57,11,13,3,21,5,1,0,0,0,0,20,7,16,8,3,0,0,0,38,9,0,false
C:\Users\rochi\Downloads\sneel\react-native-share\android\src\main\java\cl\json\RNSharePathUtil.java,cl.json.RNSharePathUtil,"getDataColumn/4[cl.json.Context,cl.json.Uri,java.lang.String,java.lang.String[]]",false,152,4,1,1,0,5,6,21,3,5,4,6,0,0,0,2,1,0,0,0,6,0,2,0,0,0,45,9,0,true
C:\Users\rochi\Downloads\sneel\react-native-share\android\src\main\java\cl\json\RNSharePathUtil.java,cl.json.RNSharePathUtil,isExternalStorageDocument/1[cl.json.Uri],false,178,1,1,1,0,1,2,3,1,0,1,2,0,0,0,0,0,0,1,0,0,0,0,0,0,0,11,9,0,true
C:\Users\rochi\Downloads\sneel\react-native-share\android\src\main\java\cl\json\RNSharePathUtil.java,cl.json.RNSharePathUtil,isGooglePhotosUri/1[cl.json.Uri],false,202,1,1,1,0,1,2,3,1,0,1,2,0,0,0,0,0,0,1,0,0,0,0,0,0,0,10,9,0,true
C:\Users\rochi\Downloads\sneel\react-native-share\android\src\main\java\cl\json\RNSharePathUtil.java,cl.json.RNSharePathUtil,isMediaDocument/1[cl.json.Uri],false,194,1,1,1,0,1,2,3,1,0,1,2,0,0,0,0,0,0,1,0,0,0,0,0,0,0,10,9,0,true
C:\Users\rochi\Downloads\sneel\react-native-share\android\src\main\java\cl\json\RNSharePathUtil.java,cl.json.RNSharePathUtil,isDownloadsDocument/1[cl.json.Uri],false,186,1,1,1,0,1,2,3,1,0,1,2,0,0,0,0,0,0,1,0,0,0,0,0,0,0,10,9,0,true
C:\Users\rochi\Downloads\sneel\react-native-share\android\src\main\java\cl\json\RNSharePathUtil.java,cl.json.RNSharePathUtil,compileAuthorities/1[cl.json.ReactContext],false,25,3,2,1,1,3,5,9,0,1,1,5,0,0,0,1,0,1,1,1,1,1,2,0,0,0,8,9,0,false
C:\Users\rochi\Downloads\sneel\react-native-share\android\src\main\java\cl\json\RNSharePathUtil.java,cl.json.RNSharePathUtil,"compatUriFromFile/2[cl.json.ReactContext,java.io.File]",false,36,4,3,2,1,7,12,24,3,4,2,12,1,1,1,1,1,0,2,1,5,1,3,0,0,0,21,9,0,false
C:\Users\rochi\Downloads\sneel\react-native-share\android\src\main\java\cl\json\social\TwitterShare.java,cl.json.social.TwitterShare,getPackage/0,false,26,0,0,0,0,1,0,3,1,0,0,0,0,0,0,0,0,0,0,0,0,0,0,0,0,0,8,4,0,false
C:\Users\rochi\Downloads\sneel\react-native-share\android\src\main\java\cl\json\social\TwitterShare.java,cl.json.social.TwitterShare,getDefaultWebLink/0,false,31,0,0,0,0,1,0,3,1,0,0,0,0,0,0,0,0,0,0,0,0,0,0,0,0,0,17,4,0,false
C:\Users\rochi\Downloads\sneel\react-native-share\android\src\main\java\cl\json\social\TwitterShare.java,cl.json.social.TwitterShare,getPlayStoreLink/0,false,36,0,0,0,0,1,0,3,1,0,0,0,0,0,0,0,0,0,0,0,0,0,0,0,0,0,5,4,0,false
C:\Users\rochi\Downloads\sneel\react-native-share\android\src\main\java\cl\json\social\TwitterShare.java,cl.json.social.TwitterShare,TwitterShare/1[cl.json.social.ReactApplicationContext],true,16,1,1,1,0,1,0,3,0,0,1,0,0,0,0,0,0,0,0,0,0,0,0,0,0,0,6,1,0,false
C:\Users\rochi\Downloads\sneel\react-native-share\android\src\main\java\cl\json\social\TwitterShare.java,cl.json.social.TwitterShare,open/1[cl.json.social.ReadableMap],false,20,2,1,0,1,1,2,4,0,0,1,2,0,0,0,0,0,0,0,0,0,0,0,0,0,0,8,1,0,false
C:\Users\rochi\Downloads\sneel\react-native-share\example\android\app\src\release\java\com\example\ReactNativeFlipper.java,ReactNativeFlipper,"initializeFlipper/2[Context,ReactInstanceManager]",false,17,0,0,0,0,1,0,2,0,0,2,0,0,0,0,0,0,0,0,0,0,0,0,0,0,0,6,9,0,false
C:\Users\rochi\Downloads\sneel\react-native-share\android\src\main\java\cl\json\social\GooglePlusShare.java,cl.json.social.GooglePlusShare,GooglePlusShare/1[cl.json.social.ReactApplicationContext],true,17,1,1,1,0,1,0,3,0,0,1,0,0,0,0,0,0,0,0,0,0,0,0,0,0,0,7,1,0,false
C:\Users\rochi\Downloads\sneel\react-native-share\android\src\main\java\cl\json\social\GooglePlusShare.java,cl.json.social.GooglePlusShare,getPackage/0,false,29,0,0,0,0,1,0,3,1,0,0,0,0,0,0,0,0,0,0,0,0,0,0,0,0,0,8,4,0,false
C:\Users\rochi\Downloads\sneel\react-native-share\android\src\main\java\cl\json\social\GooglePlusShare.java,cl.json.social.GooglePlusShare,open/1[cl.json.social.ReadableMap],false,22,2,1,0,1,1,2,4,0,0,1,2,0,0,0,0,0,0,0,0,0,0,0,0,0,0,8,1,0,false
C:\Users\rochi\Downloads\sneel\react-native-share\android\src\main\java\cl\json\social\GooglePlusShare.java,cl.json.social.GooglePlusShare,getDefaultWebLink/0,false,34,0,0,0,0,1,0,3,1,0,0,0,0,0,0,0,0,0,0,0,0,0,0,0,0,0,17,4,0,false
C:\Users\rochi\Downloads\sneel\react-native-share\android\src\main\java\cl\json\social\GooglePlusShare.java,cl.json.social.GooglePlusShare,getPlayStoreLink/0,false,39,0,0,0,0,1,0,3,1,0,0,0,0,0,0,0,0,0,0,0,0,0,0,0,0,0,17,4,0,false
C:\Users\rochi\Downloads\sneel\react-native-share\android\src\main\java\cl\json\social\ViberShare.java,cl.json.social.ViberShare,getPackage/0,false,28,0,0,0,0,1,0,3,1,0,0,0,0,0,0,0,0,0,0,0,0,0,0,0,0,0,8,4,0,false
C:\Users\rochi\Downloads\sneel\react-native-share\android\src\main\java\cl\json\social\ViberShare.java,cl.json.social.ViberShare,ViberShare/1[cl.json.social.ReactApplicationContext],true,17,1,1,1,0,1,0,3,0,0,1,0,0,0,0,0,0,0,0,0,0,0,0,0,0,0,6,1,0,false
C:\Users\rochi\Downloads\sneel\react-native-share\android\src\main\java\cl\json\social\ViberShare.java,cl.json.social.ViberShare,open/1[cl.json.social.ReadableMap],false,22,2,1,0,1,1,2,4,0,0,1,2,0,0,0,0,0,0,0,0,0,0,0,0,0,0,8,1,0,false
C:\Users\rochi\Downloads\sneel\react-native-share\android\src\main\java\cl\json\social\ViberShare.java,cl.json.social.ViberShare,getDefaultWebLink/0,false,33,0,0,0,0,1,0,3,1,0,0,0,0,0,0,0,0,0,0,0,0,0,0,0,0,0,5,4,0,false
C:\Users\rochi\Downloads\sneel\react-native-share\android\src\main\java\cl\json\social\ViberShare.java,cl.json.social.ViberShare,getPlayStoreLink/0,false,38,0,0,0,0,1,0,3,1,0,0,0,0,0,0,0,0,0,0,0,0,0,0,0,0,0,17,4,0,false
C:\Users\rochi\Downloads\sneel\react-native-share\android\src\newarch\cl\json\RNShare.java,cl.json.RNShare,"shareSingle/2[cl.json.ReadableMap,cl.json.Promise]",false,42,3,1,0,1,1,1,3,0,0,2,1,0,0,0,0,0,0,0,0,0,0,0,0,0,0,5,1,0,false
C:\Users\rochi\Downloads\sneel\react-native-share\android\src\newarch\cl\json\RNShare.java,cl.json.RNShare,"isPackageInstalled/2[java.lang.String,cl.json.Promise]",false,47,2,1,0,1,1,1,3,0,0,2,1,0,0,0,0,0,0,0,0,0,0,0,0,0,0,4,1,0,false
C:\Users\rochi\Downloads\sneel\react-native-share\android\src\newarch\cl\json\RNShare.java,cl.json.RNShare,"isBase64File/2[java.lang.String,cl.json.Promise]",false,52,2,1,0,1,1,1,3,0,0,2,1,0,0,0,0,0,0,0,0,0,0,0,0,0,0,4,1,0,false
C:\Users\rochi\Downloads\sneel\react-native-share\android\src\newarch\cl\json\RNShare.java,cl.json.RNShare,RNShare/1[cl.json.ReactApplicationContext],true,20,2,2,1,1,1,0,4,0,0,1,0,0,0,0,0,0,0,0,0,1,0,0,0,0,0,9,1,0,false
C:\Users\rochi\Downloads\sneel\react-native-share\android\src\newarch\cl\json\RNShare.java,cl.json.RNShare,"open/2[cl.json.ReadableMap,cl.json.Promise]",false,37,3,1,0,1,1,1,3,0,0,2,1,0,0,0,0,0,0,0,0,0,0,0,0,0,0,4,1,0,false
C:\Users\rochi\Downloads\sneel\react-native-share\android\src\newarch\cl\json\RNShare.java,cl.json.RNShare,getName/0,false,27,1,0,0,0,1,0,3,1,0,0,0,0,0,0,0,0,0,0,0,0,0,0,0,0,0,2,1,0,false
C:\Users\rochi\Downloads\sneel\react-native-share\android\src\newarch\cl\json\RNShare.java,cl.json.RNShare,getTypedExportedConstants/0,false,32,1,1,0,1,1,1,3,1,0,0,1,0,0,0,0,0,0,0,0,0,0,0,0,0,0,4,1,0,false
C:\Users\rochi\Downloads\sneel\react-native-share\android\src\main\java\cl\json\RNShareImpl.java,cl.json.RNShareImpl,getConstants/0,false,150,1,2,1,1,2,4,7,1,1,0,4,0,0,1,0,0,0,0,0,1,0,1,0,0,0,9,1,0,false
C:\Users\rochi\Downloads\sneel\react-native-share\android\src\main\java\cl\json\RNShareImpl.java,cl.json.RNShareImpl,"onActivityResult/3[int,int,cl.json.Intent]",false,53,3,2,1,1,4,4,15,0,2,3,4,0,0,0,3,0,0,4,0,2,0,2,0,0,0,22,1,0,false
C:\Users\rochi\Downloads\sneel\react-native-share\android\src\main\java\cl\json\RNShareImpl.java,cl.json.RNShareImpl,onNewIntent/1[cl.json.Intent],false,74,1,0,0,0,1,0,2,0,0,1,0,0,0,0,0,0,0,0,0,0,0,0,0,0,0,4,1,0,false
C:\Users\rochi\Downloads\sneel\react-native-share\android\src\main\java\cl\json\RNShareImpl.java,cl.json.RNShareImpl,"isPackageInstalled/2[java.lang.String,cl.json.Promise]",false,198,2,2,1,1,2,5,10,0,1,2,5,0,0,0,0,1,0,0,0,1,0,1,0,0,0,7,1,0,false
C:\Users\rochi\Downloads\sneel\react-native-share\android\src\main\java\cl\json\RNShareImpl.java,cl.json.RNShareImpl,"isBase64File/2[java.lang.String,cl.json.Promise]",false,208,2,1,1,0,4,8,17,0,2,2,8,0,0,0,1,1,1,1,0,2,0,2,0,0,0,13,1,0,false
C:\Users\rochi\Downloads\sneel\react-native-share\android\src\main\java\cl\json\RNShareImpl.java,cl.json.RNShareImpl,RNShareImpl/1[cl.json.ReactApplicationContext],true,145,1,1,1,0,1,1,4,0,0,1,1,0,0,0,0,0,0,0,0,1,0,0,0,0,0,10,1,0,false
C:\Users\rochi\Downloads\sneel\react-native-share\android\src\main\java\cl\json\RNShareImpl.java,cl.json.RNShareImpl,"onActivityResult/4[cl.json.Activity,int,int,cl.json.Intent]",false,69,3,1,0,1,1,1,3,0,0,4,1,1,1,0,0,0,0,0,0,0,0,0,0,0,0,4,1,0,false
C:\Users\rochi\Downloads\sneel\react-native-share\android\src\main\java\cl\json\RNShareImpl.java,cl.json.RNShareImpl,"open/2[cl.json.ReadableMap,cl.json.Promise]",false,158,4,5,1,4,3,8,17,0,1,2,8,0,0,0,0,1,0,1,0,1,0,1,0,0,0,18,1,0,false
C:\Users\rochi\Downloads\sneel\react-native-share\android\src\main\java\cl\json\RNShareImpl.java,cl.json.RNShareImpl,"shareSingle/2[cl.json.ReadableMap,cl.json.Promise]",false,174,6,6,1,5,6,11,27,0,1,2,11,0,0,0,1,1,0,4,0,1,0,3,0,0,0,18,1,0,false
C:\Users\rochi\Downloads\sneel\react-native-share\android\src\main\java\cl\json\ShareApplication.java,cl.json.ShareApplication,getFileProviderAuthority/0,false,5,0,1,1,0,1,0,1,0,0,0,0,0,0,0,0,0,0,0,0,0,0,0,0,0,0,4,1,0,false
C:\Users\rochi\Downloads\sneel\react-native-share\android\src\main\java\cl\json\social\PinterestShare.java,cl.json.social.PinterestShare,getPlayStoreLink/0,false,43,0,0,0,0,1,0,3,1,0,0,0,0,0,0,0,0,0,0,0,0,0,0,0,0,0,17,4,0,false
C:\Users\rochi\Downloads\sneel\react-native-share\android\src\main\java\cl\json\social\PinterestShare.java,cl.json.social.PinterestShare,open/1[cl.json.social.ReadableMap],false,26,2,1,0,1,1,2,4,0,0,1,2,0,0,0,0,0,0,0,0,0,0,0,0,0,0,8,1,0,false
C:\Users\rochi\Downloads\sneel\react-native-share\android\src\main\java\cl\json\social\PinterestShare.java,cl.json.social.PinterestShare,getDefaultWebLink/0,false,38,0,0,0,0,1,0,3,1,0,0,0,0,0,0,0,0,0,0,0,0,0,0,0,0,0,17,4,0,false
C:\Users\rochi\Downloads\sneel\react-native-share\android\src\main\java\cl\json\social\PinterestShare.java,cl.json.social.PinterestShare,getPackage/0,false,33,0,0,0,0,1,0,3,1,0,0,0,0,0,0,0,0,0,0,0,0,0,0,0,0,0,8,4,0,false
C:\Users\rochi\Downloads\sneel\react-native-share\android\src\main\java\cl\json\social\PinterestShare.java,cl.json.social.PinterestShare,PinterestShare/1[cl.json.social.ReactApplicationContext],true,21,1,1,1,0,1,0,3,0,0,1,0,0,0,0,0,0,0,0,0,0,0,0,0,0,0,6,1,0,false
C:\Users\rochi\Downloads\sneel\react-native-share\android\src\main\java\cl\json\social\ShareIntent.java,cl.json.social.ShareIntent$Anonymous1,"compare/2[java.util.HashMap<java.lang.String,java.lang.String>,java.util.HashMap<java.lang.String,java.lang.String>]",false,78,0,0,0,0,1,2,3,1,0,2,2,0,0,0,0,0,0,2,0,0,0,0,0,0,0,2,1,0,false
C:\Users\rochi\Downloads\sneel\react-native-share\android\src\main\java\cl\json\social\EmailShare.java,cl.json.social.EmailShare,getPackage/0,false,25,0,0,0,0,1,0,3,1,0,0,0,0,0,0,0,0,0,0,0,0,0,0,0,0,0,8,4,0,false
C:\Users\rochi\Downloads\sneel\react-native-share\android\src\main\java\cl\json\social\EmailShare.java,cl.json.social.EmailShare,EmailShare/1[cl.json.social.ReactApplicationContext],true,15,1,1,1,0,1,0,3,0,0,1,0,0,0,0,0,0,0,0,0,0,0,0,0,0,0,6,1,0,false
C:\Users\rochi\Downloads\sneel\react-native-share\android\src\main\java\cl\json\social\EmailShare.java,cl.json.social.EmailShare,getPlayStoreLink/0,false,35,0,0,0,0,1,0,3,1,0,0,0,0,0,0,0,0,0,0,0,0,0,0,0,0,0,5,4,0,false
C:\Users\rochi\Downloads\sneel\react-native-share\android\src\main\java\cl\json\social\EmailShare.java,cl.json.social.EmailShare,open/1[cl.json.social.ReadableMap],false,19,2,1,0,1,1,2,4,0,0,1,2,0,0,0,0,0,0,0,0,0,0,0,0,0,0,8,1,0,false
C:\Users\rochi\Downloads\sneel\react-native-share\android\src\main\java\cl\json\social\EmailShare.java,cl.json.social.EmailShare,getDefaultWebLink/0,false,30,0,0,0,0,1,0,3,1,0,0,0,0,0,0,0,0,0,0,0,0,0,0,0,0,0,5,4,0,false
C:\Users\rochi\Downloads\sneel\react-native-share\example\android\app\src\debug\java\com\example\ReactNativeFlipper.java,com.example.ReactNativeFlipper$Anonymous2$Anonymous3,run/0,false,64,1,0,0,0,1,1,3,0,0,0,1,0,0,0,0,0,0,0,0,0,0,0,0,0,0,4,1,0,false
C:\Users\rochi\Downloads\sneel\react-native-share\android\src\main\java\cl\json\social\FacebookShare.java,cl.json.social.FacebookShare,FacebookShare/1[cl.json.social.ReactApplicationContext],true,16,1,1,1,0,1,0,3,0,0,1,0,0,0,0,0,0,0,0,0,0,0,0,0,0,0,6,1,0,false
C:\Users\rochi\Downloads\sneel\react-native-share\android\src\main\java\cl\json\social\FacebookShare.java,cl.json.social.FacebookShare,getPackage/0,false,27,0,0,0,0,1,0,3,1,0,0,0,0,0,0,0,0,0,0,0,0,0,0,0,0,0,8,4,0,false
C:\Users\rochi\Downloads\sneel\react-native-share\android\src\main\java\cl\json\social\FacebookShare.java,cl.json.social.FacebookShare,open/1[cl.json.social.ReadableMap],false,21,2,1,0,1,1,2,4,0,0,1,2,0,0,0,0,0,0,0,0,0,0,0,0,0,0,8,1,0,false
C:\Users\rochi\Downloads\sneel\react-native-share\android\src\main\java\cl\json\social\FacebookShare.java,cl.json.social.FacebookShare,getDefaultWebLink/0,false,32,0,0,0,0,1,0,3,1,0,0,0,0,0,0,0,0,0,0,0,0,0,0,0,0,0,17,4,0,false
C:\Users\rochi\Downloads\sneel\react-native-share\android\src\main\java\cl\json\social\FacebookShare.java,cl.json.social.FacebookShare,getPlayStoreLink/0,false,37,0,0,0,0,1,0,3,1,0,0,0,0,0,0,0,0,0,0,0,0,0,0,0,0,0,5,4,0,false
C:\Users\rochi\Downloads\sneel\react-native-share\android\src\main\java\cl\json\social\MessengerShare.java,cl.json.social.MessengerShare,MessengerShare/1[cl.json.social.ReactApplicationContext],true,20,1,1,1,0,1,0,3,0,0,1,0,0,0,0,0,0,0,0,0,0,0,0,0,0,0,6,1,0,false
C:\Users\rochi\Downloads\sneel\react-native-share\android\src\main\java\cl\json\social\MessengerShare.java,cl.json.social.MessengerShare,getPlayStoreLink/0,false,42,0,0,0,0,1,0,3,1,0,0,0,0,0,0,0,0,0,0,0,0,0,0,0,0,0,17,4,0,false
C:\Users\rochi\Downloads\sneel\react-native-share\android\src\main\java\cl\json\social\MessengerShare.java,cl.json.social.MessengerShare,open/1[cl.json.social.ReadableMap],false,25,2,1,0,1,1,2,4,0,0,1,2,0,0,0,0,0,0,0,0,0,0,0,0,0,0,8,1,0,false
C:\Users\rochi\Downloads\sneel\react-native-share\android\src\main\java\cl\json\social\MessengerShare.java,cl.json.social.MessengerShare,getDefaultWebLink/0,false,37,0,0,0,0,1,0,3,1,0,0,0,0,0,0,0,0,0,0,0,0,0,0,0,0,0,5,4,0,false
C:\Users\rochi\Downloads\sneel\react-native-share\android\src\main\java\cl\json\social\MessengerShare.java,cl.json.social.MessengerShare,getPackage/0,false,32,0,0,0,0,1,0,3,1,0,0,0,0,0,0,0,0,0,0,0,0,0,0,0,0,0,8,4,0,false
